{
    "name": "npr-one-sdk",
    "globalDependencies": {
        "es6-shim": "github:DefinitelyTyped/DefinitelyTyped/es6-shim/es6-shim.d.ts#4de74cb527395c13ba20b438c3a7a419ad931f1c"
    },
    "globalDevDependencies": {
        "chai": "registry:dt/chai#3.4.0+20160601211834",
        "mocha": "registry:dt/mocha#2.2.5+20160720003353",
        "node": "github:DefinitelyTyped/DefinitelyTyped/node/node.d.ts#20e1eb9616922d382d918cc5a21870a9dbe255f5",
        "sinon": "registry:dt/sinon#1.16.0+20160517064723",
        "sinon-chai": "registry:dt/sinon-chai#2.7.0+20160317120654"
    }
}
